<?xml version="1.0" encoding="UTF-8" ?>
<!DOCTYPE mapper
  PUBLIC "-//mybatis.org//DTD Mapper 3.0//EN"
  "http://mybatis.org/dtd/mybatis-3-mapper.dtd">
<mapper namespace="cn.tedu.mybatis1.mapper.EmployeeMapper">
    <delete id="deleteAllEmployees">
        DELETE FROM emp
        WHERE EMPNO IN (
            <foreach collection="array" item="id" separator=",">
                #{id}
            </foreach>
        )
    </delete>

    <update id="updateEmployeeInfo">
        UPDATE emp
        <set>
            <if test="name != null">
                ename=#{name} ,
            </if>
            <if test="job != null">
                job=#{job} ,
            </if>
            <if test="hiredate != null">
                hiredate=#{hiredate} ,
            </if>
            <if test="mgr != null">
                mgr=#{mgr} ,
            </if>
            <if test="salary != null">
                sal=#{salary} ,
            </if>
            <if test="comm != null">
                comm=#{comm} ,
            </if>
            <if test="deptNo != null">
                deptNo=#{deptNo}
            </if>
        </set>
        <if test="empNo != null">
            WHERE empNo = #{empNo}
        </if>
    </update>
</mapper>
