<?xml version="1.0" encoding="UTF-8" ?>
<!DOCTYPE mapper
        PUBLIC "-//mybatis.org//DTD Mapper 3.0//EN"
        "http://mybatis.org/dtd/mybatis-3-mapper.dtd">
<!-- namespace 属性执行映射到 UserMapper接口 -->
<mapper namespace="cn.tedu.work.mapper.UserMapper">

    <update id="updateUserInfo" parameterType="cn.tedu.work.entity.User">
        UPDATE t_user
        <!-- set标签会生成set关键字,还会自动去掉动态if部分产生的最后一个, -->
        <set>
            <!-- 当某个属性不为空时,表示要修改这个属性的值 -->
            <if test="age != null">
                age=#{age},
            </if>
            <if test="phone != null and phone !=''">
                phone=#{phone}
            </if>
        </set>
        WHERE id=#{id}
    </update>


</mapper>