<?xml version="1.0" encoding="UTF-8" ?>
<!DOCTYPE mapper
        PUBLIC "-//mybatis.org//DTD Mapper 3.0//EN"
        "http://mybatis.org/dtd/mybatis-3-mapper.dtd">
<mapper namespace="cn.tedu.mapper.DepartmentMapper">

    <!-- 下面是一个resultMap的自定义映射 -->
    <!--可以编写一个\多个查询结果中数据查询的列名对应java的属性名的关系 -->
    <resultMap id="deptMap" type="cn.tedu.entity.Department">
        <!-- 每个result标签表示一个列和一个java属性的对应关系 -->
        <result column="id" property="id"/>
        <result column="name" property="name"/>
        <!-- 当实体类中有List或类似集合类型对象时 -->
        <!-- 就使用collection来映射 -->
        <!-- ofType表明集合的泛型类型,property就是属性名 -->
        <collection property="users" ofType="cn.tedu.entity.User">
            <!--下面的映射对应的是User类的属性-->
            <result column="userId" property="id" />
            <result column="username" property="username"/>
            <result column="password" property="password"/>
            <result column="age" property="age"/>
            <result column="phone" property="phone"/>
            <result column="email" property="email"/>
        </collection>
    </resultMap>

    <select id="findDeptWithUserById" resultMap="deptMap">
        SELECT
            d.id,
            name,
            u.id userId,
            username,
            password,
            age,
            phone,
            email
        FROM t_department d
        LEFT JOIN t_user u
        ON d.id=u.department_id
        WHERE d.id=#{id}
    </select>
</mapper>