<?xml version="1.0" encoding="UTF-8" ?>
<!DOCTYPE mapper
        PUBLIC "-//mybatis.org//DTD Mapper 3.0//EN"
        "http://mybatis.org/dtd/mybatis-3-mapper.dtd">
<!-- namespace 属性执行映射到 UserMapper接口 -->
<mapper namespace="cn.tedu.mapper.UserMapper">

    <!-- 需要将返回值类型声明给SqlSessionFactory -->
    <!-- 使用resultType指定类型,类型需要使用全类名表示  -->
    <select id="getUsernameById" resultType="java.lang.String">
        select username from t_user where id=1
    </select>

    <!-- 动态foreach删除  -->
    <delete id="deleteById">
        delete from t_user where id in
        <!-- array就是数组类型参数,当参数中只有唯一数组类型时,自动赋值 -->
        <!-- item表示从数组\集合中获取出的元素 -->
        <!-- separator是多个元素之间的分隔符-->
        <foreach collection="array" item="id" separator=","
                 open="(" close=")">
            #{id}
        </foreach>

    </delete>

    <update id="updateUserInfo" parameterType="cn.tedu.entity.User">
        UPDATE t_user
        <!-- set标签会生成set关键字,还会自动去掉动态if部分产生的最后一个, -->
        <set>
            <!-- 当某个属性不为空时,表示要修改这个属性的值 -->
            <if test="username != null">
                username=#{username},
            </if>
            <if test="password !=null">
                password=#{password},
            </if>
            <if test="age != null">
                age=#{age},
            </if>
            <if test="phone != null">
                phone=#{phone},
            </if>
            <if test="email != null">
                email=#{email}
            </if>
        </set>
        WHERE id=#{id}
    </update>

    <!-- 动态查询  -->
    <select id="findUsersByParam" resultType="cn.tedu.entity.User">
        select
            id,username,password,age,phone,email
        from
            t_user
        <where>
            <if test="username != null">
                username like #{username}
            </if>
            <if test="age != null">
                and age = #{age}
            </if>
            <if test="phone != null">
                and phone like #{phone}
            </if>
        </where>
    </select>

    <select id="findUserDepartment" resultType="cn.tedu.vo.UserVO">
        SELECT
            u.id,
            username,
            d.name departmentname
        FROM
            t_user u
        LEFT JOIN
            t_department d
        ON
            u.department_id=d.id

    </select>








</mapper>